doc_id,acc_init,corpus,el_10-gram_init,loss_init,preds_init,prefix,text
1670,0.8190955,github,0.27246618,0.906,"0.txt</url>
		</license>
		<license>
			<name>The Apache License, Version 2.0</name>
			<url>http://www.apache.org/licenses/LICENSE-2.0.txt</url>
		</license>
		<license>
			<name>The Apache License, Version 2.0</name>
			 the Software is furnished to do so, subject to the following conditions:
 *
 * The above copyright notice and this permission notice shall be included in
 * all copies or substantial portions of the Software.
 *
 * THE SOFTWARE IS PROVIDED ""AS IS"", WITHOUT WARRANTY OF ANY KIND, EXPRESS OR
 * IMPLIED, INCLUDING BUT NOT LIMITED TO THE WARRANTIES OF MERCHANTABILITY,
 * FITNESS FOR A PARTICULAR PURPOSE AND NON.template_portal_template_template_template_template_template_template_template_template_template_template_template_template_template_template_template_template_template_template_template_template_template_template_template_template_template_template_template_template_template_template_template_template_template_template_template_template_template_template_template_template_template_template_template_template_template_template_template_;
}
p:last-child:hover {
  background-color: #fff;
}
p:last-child:hover:hover {
  background-color: #fff;
}
p:last-child:hover:focus {
  background-color: #fff;
}
p:last-child:focus:focus {
  background-color: #fff;
}
p:last-child:hover:hover {_1_1_a_s_t_unary""><td class=""memItemLeft"" align=""right"" valign=""top"">&#160;</td><td class=""memItemRight"" valign=""bottom""><a class=""el"" href=""class_emojicode_compiler_1_1_a_s_t_unary.html#a25fe4a28bd22016ef2a6cf10db5d649 independent sites — especially a site like ours that is unwilling to pull punches in its reporting and analysis. While other websites have resorted to paywalls, registration requirements, and increasingly annoying/intrusive advertising, we have always kept Techdirt open and available to anyone. But in order to continue doing so, we need your support. We offer a variety of ways for our readers to support us, from direct donations to special subscriptions and cool merchandise — and every little bit helps. Thank you.NewErrorWithError(err, ""network.VpnGatewaysClient"", ""Delete"", result.Response(), ""Failure sending request"")
		return
	}

	return
}

// DeletePreparer prepares the Delete request.
func (client VpnGatewaysClient) DeletePreparer(ctx context.Context, resourceGroupName string, gatewayName string) (*http.Request, error) {
	pathParameters := map[string]interface{}{
.

The first thing to note is that the coronavirus is not a new thing. It has been around for a long time, and it has been around for a long time. It has been around for a long time, and it has been around for a long time. It has been around for a long time. It has been around for a long time. It has been around for a long time. It has been around for a long time. It has been around for a","</name>
	<description></description>
	<!-- TODO <organization> <name>company name</name> <url>company url</url> 
		</organization> -->
	<licenses>
		<license>
			<name>The Apache Software License, Version 2.0</name>
			<url>http://www.apache.org/licenses/LICENSE-2.","</name>
	<description></description>
	<!-- TODO <organization> <name>company name</name> <url>company url</url> 
		</organization> -->
	<licenses>
		<license>
			<name>The Apache Software License, Version 2.0</name>
			<url>http://www.apache.org/licenses/LICENSE-2.0.txt</url>
			<distribution>repo</distribution>
		</license>
	</licenses>
	
	<dependencies>
		<!-- WICKET DEPENDENCIES -->
		<dependency>
			<groupId>org.apache.wicket</groupId>
			<artifactId>wicket-core</artifactId>
		"
13379,0.92462313,github,0.66900957,0.4414,"0.txt</url>
		</license>
		<license>
			<name>The Apache License, Version 2.0</name>
			<url>http://www.apache.org/licenses/LICENSE-2.0.txt</url>
		</license>
		<license>
			<name>The Apache License, Version 2.0</name>
			 the Software is furnished to do so, subject to the following conditions:
 *
 * The above copyright notice and this permission notice shall be included in
 * all copies or substantial portions of the Software.
 *
 * THE SOFTWARE IS PROVIDED ""AS IS"", WITHOUT WARRANTY OF ANY KIND, EXPRESS OR
 * IMPLIED, INCLUDING BUT NOT LIMITED TO THE WARRANTIES OF MERCHANTABILITY,
 * FITNESS FOR A PARTICULAR PURPOSE AND NON.template_portal_template_template_template_template_template_template_template_template_template_template_template_template_template_template_template_template_template_template_template_template_template_template_template_template_template_template_template_template_template_template_template_template_template_template_template_template_template_template_template_template_template_template_template_template_template_template_template_;
}
p:last-child:hover {
  background-color: #fff;
}
p:last-child:hover:hover {
  background-color: #fff;
}
p:last-child:hover:focus {
  background-color: #fff;
}
p:last-child:focus:focus {
  background-color: #fff;
}
p:last-child:hover:hover {_1_1_a_s_t_unary""><td class=""memItemLeft"" align=""right"" valign=""top"">&#160;</td><td class=""memItemRight"" valign=""bottom""><a class=""el"" href=""class_emojicode_compiler_1_1_a_s_t_unary.html#a25fe4a28bd22016ef2a6cf10db5d649 independent sites — especially a site like ours that is unwilling to pull punches in its reporting and analysis. While other websites have resorted to paywalls, registration requirements, and increasingly annoying/intrusive advertising, we have always kept Techdirt open and available to anyone. But in order to continue doing so, we need your support. We offer a variety of ways for our readers to support us, from direct donations to special subscriptions and cool merchandise — and every little bit helps. Thank you.NewErrorWithError(err, ""network.VpnGatewaysClient"", ""Delete"", result.Response(), ""Failure sending request"")
		return
	}

	return
}

// DeletePreparer prepares the Delete request.
func (client VpnGatewaysClient) DeletePreparer(ctx context.Context, resourceGroupName string, gatewayName string) (*http.Request, error) {
	pathParameters := map[string]interface{}{
.

The first thing to note is that the coronavirus is not a new thing. It has been around for a long time, and it has been around for a long time. It has been around for a long time, and it has been around for a long time. It has been around for a long time. It has been around for a long time. It has been around for a long time. It has been around for a long time. It has been around for a"," Corbin Simpson <MostAwesomeDude@gmail.com>
 *
 * Permission is hereby granted, free of charge, to any person obtaining a
 * copy of this software and associated documentation files (the ""Software""),
 * to deal in the Software without restriction, including without limitation
 * on the rights to use, copy, modify, merge, publish, distribute, sub
 * license, and/or sell copies of the Software, and to permit persons to whom
 *"," Corbin Simpson <MostAwesomeDude@gmail.com>
 *
 * Permission is hereby granted, free of charge, to any person obtaining a
 * copy of this software and associated documentation files (the ""Software""),
 * to deal in the Software without restriction, including without limitation
 * on the rights to use, copy, modify, merge, publish, distribute, sub
 * license, and/or sell copies of the Software, and to permit persons to whom
 * the Software is furnished to do so, subject to the following conditions:
 *
 * The above copyright notice and this permission notice (including the next
 * paragraph) shall be included in all copies or substantial portions of the
 * Software.
 *
 * THE SOFTWARE IS PROVIDED ""AS IS"", WITHOUT WARRANTY OF ANY KIND, EXPRESS OR
 * IMPLIED, INCLUDING BUT NOT LIMITED TO THE WARRANTIES OF MERCHANTABILITY,
 * FITNESS FOR"
10234,0.7035176,github,0.01369119,1.3125,"0.txt</url>
		</license>
		<license>
			<name>The Apache License, Version 2.0</name>
			<url>http://www.apache.org/licenses/LICENSE-2.0.txt</url>
		</license>
		<license>
			<name>The Apache License, Version 2.0</name>
			 the Software is furnished to do so, subject to the following conditions:
 *
 * The above copyright notice and this permission notice shall be included in
 * all copies or substantial portions of the Software.
 *
 * THE SOFTWARE IS PROVIDED ""AS IS"", WITHOUT WARRANTY OF ANY KIND, EXPRESS OR
 * IMPLIED, INCLUDING BUT NOT LIMITED TO THE WARRANTIES OF MERCHANTABILITY,
 * FITNESS FOR A PARTICULAR PURPOSE AND NON.template_portal_template_template_template_template_template_template_template_template_template_template_template_template_template_template_template_template_template_template_template_template_template_template_template_template_template_template_template_template_template_template_template_template_template_template_template_template_template_template_template_template_template_template_template_template_template_template_template_;
}
p:last-child:hover {
  background-color: #fff;
}
p:last-child:hover:hover {
  background-color: #fff;
}
p:last-child:hover:focus {
  background-color: #fff;
}
p:last-child:focus:focus {
  background-color: #fff;
}
p:last-child:hover:hover {_1_1_a_s_t_unary""><td class=""memItemLeft"" align=""right"" valign=""top"">&#160;</td><td class=""memItemRight"" valign=""bottom""><a class=""el"" href=""class_emojicode_compiler_1_1_a_s_t_unary.html#a25fe4a28bd22016ef2a6cf10db5d649 independent sites — especially a site like ours that is unwilling to pull punches in its reporting and analysis. While other websites have resorted to paywalls, registration requirements, and increasingly annoying/intrusive advertising, we have always kept Techdirt open and available to anyone. But in order to continue doing so, we need your support. We offer a variety of ways for our readers to support us, from direct donations to special subscriptions and cool merchandise — and every little bit helps. Thank you.NewErrorWithError(err, ""network.VpnGatewaysClient"", ""Delete"", result.Response(), ""Failure sending request"")
		return
	}

	return
}

// DeletePreparer prepares the Delete request.
func (client VpnGatewaysClient) DeletePreparer(ctx context.Context, resourceGroupName string, gatewayName string) (*http.Request, error) {
	pathParameters := map[string]interface{}{
.

The first thing to note is that the coronavirus is not a new thing. It has been around for a long time, and it has been around for a long time. It has been around for a long time, and it has been around for a long time. It has been around for a long time. It has been around for a long time. It has been around for a long time. It has been around for a long time. It has been around for a","al_searchbar
msgid ""<span class=\""small mr-1 navbar-text\"">Sort By:</span>""
msgstr """"

#. module: portal
#: model_terms:ir.ui.view,arch_db:portal.portal_share_template
msgid ""<strong>Open </strong>""
msgstr """"

#. module: portal
#: model:mail.template,body_html:portal","al_searchbar
msgid ""<span class=\""small mr-1 navbar-text\"">Sort By:</span>""
msgstr """"

#. module: portal
#: model_terms:ir.ui.view,arch_db:portal.portal_share_template
msgid ""<strong>Open </strong>""
msgstr """"

#. module: portal
#: model:mail.template,body_html:portal.mail_template_data_portal_welcome
msgid """"
""<table border=\""0\"" cellpadding=\""0\"" cellspacing=\""0\"" style=\""padding-top: 16px; background-color: #F1F1F1; font-family:Verdana, Arial,sans-serif; color: #454748; width: 100%; border-collapse:separate;\""><tr><td align=\""center"
4719,0.7638191,github,0.010281851,0.792,"0.txt</url>
		</license>
		<license>
			<name>The Apache License, Version 2.0</name>
			<url>http://www.apache.org/licenses/LICENSE-2.0.txt</url>
		</license>
		<license>
			<name>The Apache License, Version 2.0</name>
			 the Software is furnished to do so, subject to the following conditions:
 *
 * The above copyright notice and this permission notice shall be included in
 * all copies or substantial portions of the Software.
 *
 * THE SOFTWARE IS PROVIDED ""AS IS"", WITHOUT WARRANTY OF ANY KIND, EXPRESS OR
 * IMPLIED, INCLUDING BUT NOT LIMITED TO THE WARRANTIES OF MERCHANTABILITY,
 * FITNESS FOR A PARTICULAR PURPOSE AND NON.template_portal_template_template_template_template_template_template_template_template_template_template_template_template_template_template_template_template_template_template_template_template_template_template_template_template_template_template_template_template_template_template_template_template_template_template_template_template_template_template_template_template_template_template_template_template_template_template_template_;
}
p:last-child:hover {
  background-color: #fff;
}
p:last-child:hover:hover {
  background-color: #fff;
}
p:last-child:hover:focus {
  background-color: #fff;
}
p:last-child:focus:focus {
  background-color: #fff;
}
p:last-child:hover:hover {_1_1_a_s_t_unary""><td class=""memItemLeft"" align=""right"" valign=""top"">&#160;</td><td class=""memItemRight"" valign=""bottom""><a class=""el"" href=""class_emojicode_compiler_1_1_a_s_t_unary.html#a25fe4a28bd22016ef2a6cf10db5d649 independent sites — especially a site like ours that is unwilling to pull punches in its reporting and analysis. While other websites have resorted to paywalls, registration requirements, and increasingly annoying/intrusive advertising, we have always kept Techdirt open and available to anyone. But in order to continue doing so, we need your support. We offer a variety of ways for our readers to support us, from direct donations to special subscriptions and cool merchandise — and every little bit helps. Thank you.NewErrorWithError(err, ""network.VpnGatewaysClient"", ""Delete"", result.Response(), ""Failure sending request"")
		return
	}

	return
}

// DeletePreparer prepares the Delete request.
func (client VpnGatewaysClient) DeletePreparer(ctx context.Context, resourceGroupName string, gatewayName string) (*http.Request, error) {
	pathParameters := map[string]interface{}{
.

The first thing to note is that the coronavirus is not a new thing. It has been around for a long time, and it has been around for a long time. It has been around for a long time, and it has been around for a long time. It has been around for a long time. It has been around for a long time. It has been around for a long time. It has been around for a long time. It has been around for a","px;
}
h3 {
  font-size: 20px;
  line-height: 28px;
}
.large-h1 {
  font-size: 42px;
  line-height: 48px;
  font-weight: 300;
}
p {
  font-size: 14px;
  line-height: 24px;
}
p:last-child {
  margin-bottom: 0","px;
}
h3 {
  font-size: 20px;
  line-height: 28px;
}
.large-h1 {
  font-size: 42px;
  line-height: 48px;
  font-weight: 300;
}
p {
  font-size: 14px;
  line-height: 24px;
}
p:last-child {
  margin-bottom: 0px;
}
p.lead {
  font-size: 16px;
  line-height: 30px;
  font-weight: 400;
}
span.lead {
  font-weight: 400;
}
.uppercase {
  text-transform: uppercase;
  letter-spacing: 1px;
  display: inline-block;
  margin-right: -1px;
}
strong"
7003,0.74371856,github,0.185252,1.37,"0.txt</url>
		</license>
		<license>
			<name>The Apache License, Version 2.0</name>
			<url>http://www.apache.org/licenses/LICENSE-2.0.txt</url>
		</license>
		<license>
			<name>The Apache License, Version 2.0</name>
			 the Software is furnished to do so, subject to the following conditions:
 *
 * The above copyright notice and this permission notice shall be included in
 * all copies or substantial portions of the Software.
 *
 * THE SOFTWARE IS PROVIDED ""AS IS"", WITHOUT WARRANTY OF ANY KIND, EXPRESS OR
 * IMPLIED, INCLUDING BUT NOT LIMITED TO THE WARRANTIES OF MERCHANTABILITY,
 * FITNESS FOR A PARTICULAR PURPOSE AND NON.template_portal_template_template_template_template_template_template_template_template_template_template_template_template_template_template_template_template_template_template_template_template_template_template_template_template_template_template_template_template_template_template_template_template_template_template_template_template_template_template_template_template_template_template_template_template_template_template_template_;
}
p:last-child:hover {
  background-color: #fff;
}
p:last-child:hover:hover {
  background-color: #fff;
}
p:last-child:hover:focus {
  background-color: #fff;
}
p:last-child:focus:focus {
  background-color: #fff;
}
p:last-child:hover:hover {_1_1_a_s_t_unary""><td class=""memItemLeft"" align=""right"" valign=""top"">&#160;</td><td class=""memItemRight"" valign=""bottom""><a class=""el"" href=""class_emojicode_compiler_1_1_a_s_t_unary.html#a25fe4a28bd22016ef2a6cf10db5d649 independent sites — especially a site like ours that is unwilling to pull punches in its reporting and analysis. While other websites have resorted to paywalls, registration requirements, and increasingly annoying/intrusive advertising, we have always kept Techdirt open and available to anyone. But in order to continue doing so, we need your support. We offer a variety of ways for our readers to support us, from direct donations to special subscriptions and cool merchandise — and every little bit helps. Thank you.NewErrorWithError(err, ""network.VpnGatewaysClient"", ""Delete"", result.Response(), ""Failure sending request"")
		return
	}

	return
}

// DeletePreparer prepares the Delete request.
func (client VpnGatewaysClient) DeletePreparer(ctx context.Context, resourceGroupName string, gatewayName string) (*http.Request, error) {
	pathParameters := map[string]interface{}{
.

The first thing to note is that the coronavirus is not a new thing. It has been around for a long time, and it has been around for a long time. It has been around for a long time, and it has been around for a long time. It has been around for a long time. It has been around for a long time. It has been around for a long time. It has been around for a long time. It has been around for a"," class=""separator:a25fe4a28bd22016ef2a6cf10db5d649d inherit pub_methods_class_emojicode_compiler_1_1_a_s_t_unary""><td class=""memSeparator"" colspan=""2"">&#160;</td></tr>
<tr class=""inherit_header pub_methods_class_emojicode_compiler"," class=""separator:a25fe4a28bd22016ef2a6cf10db5d649d inherit pub_methods_class_emojicode_compiler_1_1_a_s_t_unary""><td class=""memSeparator"" colspan=""2"">&#160;</td></tr>
<tr class=""inherit_header pub_methods_class_emojicode_compiler_1_1_a_s_t_expr""><td colspan=""2"" onclick=""javascript:toggleInherit('pub_methods_class_emojicode_compiler_1_1_a_s_t_expr')""><img src=""closed.png"" alt=""-""/>&#160;Public Member Functions inherited from <a class=""el"" href=""class_emojicode_compiler_1_1_a"
2831,0.9798995,openwebtext2,0.95789474,0.1512,"0.txt</url>
		</license>
		<license>
			<name>The Apache License, Version 2.0</name>
			<url>http://www.apache.org/licenses/LICENSE-2.0.txt</url>
		</license>
		<license>
			<name>The Apache License, Version 2.0</name>
			 the Software is furnished to do so, subject to the following conditions:
 *
 * The above copyright notice and this permission notice shall be included in
 * all copies or substantial portions of the Software.
 *
 * THE SOFTWARE IS PROVIDED ""AS IS"", WITHOUT WARRANTY OF ANY KIND, EXPRESS OR
 * IMPLIED, INCLUDING BUT NOT LIMITED TO THE WARRANTIES OF MERCHANTABILITY,
 * FITNESS FOR A PARTICULAR PURPOSE AND NON.template_portal_template_template_template_template_template_template_template_template_template_template_template_template_template_template_template_template_template_template_template_template_template_template_template_template_template_template_template_template_template_template_template_template_template_template_template_template_template_template_template_template_template_template_template_template_template_template_template_;
}
p:last-child:hover {
  background-color: #fff;
}
p:last-child:hover:hover {
  background-color: #fff;
}
p:last-child:hover:focus {
  background-color: #fff;
}
p:last-child:focus:focus {
  background-color: #fff;
}
p:last-child:hover:hover {_1_1_a_s_t_unary""><td class=""memItemLeft"" align=""right"" valign=""top"">&#160;</td><td class=""memItemRight"" valign=""bottom""><a class=""el"" href=""class_emojicode_compiler_1_1_a_s_t_unary.html#a25fe4a28bd22016ef2a6cf10db5d649 independent sites — especially a site like ours that is unwilling to pull punches in its reporting and analysis. While other websites have resorted to paywalls, registration requirements, and increasingly annoying/intrusive advertising, we have always kept Techdirt open and available to anyone. But in order to continue doing so, we need your support. We offer a variety of ways for our readers to support us, from direct donations to special subscriptions and cool merchandise — and every little bit helps. Thank you.NewErrorWithError(err, ""network.VpnGatewaysClient"", ""Delete"", result.Response(), ""Failure sending request"")
		return
	}

	return
}

// DeletePreparer prepares the Delete request.
func (client VpnGatewaysClient) DeletePreparer(ctx context.Context, resourceGroupName string, gatewayName string) (*http.Request, error) {
	pathParameters := map[string]interface{}{
.

The first thing to note is that the coronavirus is not a new thing. It has been around for a long time, and it has been around for a long time. It has been around for a long time, and it has been around for a long time. It has been around for a long time. It has been around for a long time. It has been around for a long time. It has been around for a long time. It has been around for a"," to.

Thank you for reading this Techdirt post. With so many things competing for everyone’s attention these days, we really appreciate you giving us your time. We work hard every day to put quality content out there for our community. Techdirt is one of the few remaining truly independent media outlets. We do not have a giant corporation behind us, and we rely heavily on our community to support us, in an age when advertisers are increasingly uninterested in sponsoring small,"," to.

Thank you for reading this Techdirt post. With so many things competing for everyone’s attention these days, we really appreciate you giving us your time. We work hard every day to put quality content out there for our community. Techdirt is one of the few remaining truly independent media outlets. We do not have a giant corporation behind us, and we rely heavily on our community to support us, in an age when advertisers are increasingly uninterested in sponsoring small, independent sites — especially a site like ours that is unwilling to pull punches in its reporting and analysis. While other websites have resorted to paywalls, registration requirements, and increasingly annoying/intrusive advertising, we have always kept Techdirt open and available to anyone. But in order to continue doing so, we need your support. We offer a variety of ways for our readers to support us, from direct donations to special subscriptions and cool merchandise — and every little bit helps. Thank you."
13014,0.89447236,github,0.68965167,0.599,"0.txt</url>
		</license>
		<license>
			<name>The Apache License, Version 2.0</name>
			<url>http://www.apache.org/licenses/LICENSE-2.0.txt</url>
		</license>
		<license>
			<name>The Apache License, Version 2.0</name>
			 the Software is furnished to do so, subject to the following conditions:
 *
 * The above copyright notice and this permission notice shall be included in
 * all copies or substantial portions of the Software.
 *
 * THE SOFTWARE IS PROVIDED ""AS IS"", WITHOUT WARRANTY OF ANY KIND, EXPRESS OR
 * IMPLIED, INCLUDING BUT NOT LIMITED TO THE WARRANTIES OF MERCHANTABILITY,
 * FITNESS FOR A PARTICULAR PURPOSE AND NON.template_portal_template_template_template_template_template_template_template_template_template_template_template_template_template_template_template_template_template_template_template_template_template_template_template_template_template_template_template_template_template_template_template_template_template_template_template_template_template_template_template_template_template_template_template_template_template_template_template_;
}
p:last-child:hover {
  background-color: #fff;
}
p:last-child:hover:hover {
  background-color: #fff;
}
p:last-child:hover:focus {
  background-color: #fff;
}
p:last-child:focus:focus {
  background-color: #fff;
}
p:last-child:hover:hover {_1_1_a_s_t_unary""><td class=""memItemLeft"" align=""right"" valign=""top"">&#160;</td><td class=""memItemRight"" valign=""bottom""><a class=""el"" href=""class_emojicode_compiler_1_1_a_s_t_unary.html#a25fe4a28bd22016ef2a6cf10db5d649 independent sites — especially a site like ours that is unwilling to pull punches in its reporting and analysis. While other websites have resorted to paywalls, registration requirements, and increasingly annoying/intrusive advertising, we have always kept Techdirt open and available to anyone. But in order to continue doing so, we need your support. We offer a variety of ways for our readers to support us, from direct donations to special subscriptions and cool merchandise — and every little bit helps. Thank you.NewErrorWithError(err, ""network.VpnGatewaysClient"", ""Delete"", result.Response(), ""Failure sending request"")
		return
	}

	return
}

// DeletePreparer prepares the Delete request.
func (client VpnGatewaysClient) DeletePreparer(ctx context.Context, resourceGroupName string, gatewayName string) (*http.Request, error) {
	pathParameters := map[string]interface{}{
.

The first thing to note is that the coronavirus is not a new thing. It has been around for a long time, and it has been around for a long time. It has been around for a long time, and it has been around for a long time. It has been around for a long time. It has been around for a long time. It has been around for a long time. It has been around for a long time. It has been around for a","
	req, err := client.DeletePreparer(ctx, resourceGroupName, gatewayName)
	if err!= nil {
		err = autorest.NewErrorWithError(err, ""network.VpnGatewaysClient"", ""Delete"", nil, ""Failure preparing request"")
		return
	}

	result, err = client.DeleteSender(req)
	if err!= nil {
		err = autorest.","
	req, err := client.DeletePreparer(ctx, resourceGroupName, gatewayName)
	if err!= nil {
		err = autorest.NewErrorWithError(err, ""network.VpnGatewaysClient"", ""Delete"", nil, ""Failure preparing request"")
		return
	}

	result, err = client.DeleteSender(req)
	if err!= nil {
		err = autorest.NewErrorWithError(err, ""network.VpnGatewaysClient"", ""Delete"", result.Response(), ""Failure sending request"")
		return
	}

	return
}

// DeletePreparer prepares the Delete request.
func (client VpnGatewaysClient) DeletePreparer(ctx context.Context, resourceGroupName string, gatewayName string) (*http.Request, error) {
	pathParameters := map[string]interface{}{
		"
11979,0.6633166,pile-cc,0.30640247,1.865,"0.txt</url>
		</license>
		<license>
			<name>The Apache License, Version 2.0</name>
			<url>http://www.apache.org/licenses/LICENSE-2.0.txt</url>
		</license>
		<license>
			<name>The Apache License, Version 2.0</name>
			 the Software is furnished to do so, subject to the following conditions:
 *
 * The above copyright notice and this permission notice shall be included in
 * all copies or substantial portions of the Software.
 *
 * THE SOFTWARE IS PROVIDED ""AS IS"", WITHOUT WARRANTY OF ANY KIND, EXPRESS OR
 * IMPLIED, INCLUDING BUT NOT LIMITED TO THE WARRANTIES OF MERCHANTABILITY,
 * FITNESS FOR A PARTICULAR PURPOSE AND NON.template_portal_template_template_template_template_template_template_template_template_template_template_template_template_template_template_template_template_template_template_template_template_template_template_template_template_template_template_template_template_template_template_template_template_template_template_template_template_template_template_template_template_template_template_template_template_template_template_template_;
}
p:last-child:hover {
  background-color: #fff;
}
p:last-child:hover:hover {
  background-color: #fff;
}
p:last-child:hover:focus {
  background-color: #fff;
}
p:last-child:focus:focus {
  background-color: #fff;
}
p:last-child:hover:hover {_1_1_a_s_t_unary""><td class=""memItemLeft"" align=""right"" valign=""top"">&#160;</td><td class=""memItemRight"" valign=""bottom""><a class=""el"" href=""class_emojicode_compiler_1_1_a_s_t_unary.html#a25fe4a28bd22016ef2a6cf10db5d649 independent sites — especially a site like ours that is unwilling to pull punches in its reporting and analysis. While other websites have resorted to paywalls, registration requirements, and increasingly annoying/intrusive advertising, we have always kept Techdirt open and available to anyone. But in order to continue doing so, we need your support. We offer a variety of ways for our readers to support us, from direct donations to special subscriptions and cool merchandise — and every little bit helps. Thank you.NewErrorWithError(err, ""network.VpnGatewaysClient"", ""Delete"", result.Response(), ""Failure sending request"")
		return
	}

	return
}

// DeletePreparer prepares the Delete request.
func (client VpnGatewaysClient) DeletePreparer(ctx context.Context, resourceGroupName string, gatewayName string) (*http.Request, error) {
	pathParameters := map[string]interface{}{
.

The first thing to note is that the coronavirus is not a new thing. It has been around for a long time, and it has been around for a long time. It has been around for a long time, and it has been around for a long time. It has been around for a long time. It has been around for a long time. It has been around for a long time. It has been around for a long time. It has been around for a","

Content Continues Below

Download this free guide

Unified Communications: the key to prospering in the new working reality of Covid-19

The coronavirus is changing everything about how people work, and will do so permanently. It added that even though the working world was experiencing unprecedented uncertainty, there were two things that should be borne in mind: the virus will pass, and at the other side of the pandemic, the world of work will look very different","

Content Continues Below

Download this free guide

Unified Communications: the key to prospering in the new working reality of Covid-19

The coronavirus is changing everything about how people work, and will do so permanently. It added that even though the working world was experiencing unprecedented uncertainty, there were two things that should be borne in mind: the virus will pass, and at the other side of the pandemic, the world of work will look very different.

I agree to TechTarget’s Terms of Use, Privacy Policy, and the transfer of my information to the United States for processing to provide me with relevant information as described in our Privacy Policy.

Please check the box if you want to proceed.

I agree to my information being processed by TechTarget and its Partners to contact me via phone, email, or other means regarding information relevant to my professional interests. I may unsubscribe at any time.

Please"
